filename,genre,chroma_stft,rmse,spectral_centroid,spectral_bandwidth,rolloff,zero_crossing_rate,mfcc1,mfcc2,mfcc3,mfcc4,mfcc5,mfcc6,mfcc7,mfcc8,mfcc9,mfcc10,mfcc11,mfcc12,mfcc13,mfcc14,mfcc15,mfcc16,mfcc17,mfcc18,mfcc19,mfcc20
01_-_Autumn_Lords.mp3,prog,0.45608250416259283,0.11046450585126877,2867.311399380337,2517.730021891966,5632.0456509976775,3.676710148168031e-08,-68.28673521481346,66.98004818675115,-9.090925397731064,40.87878246520421,-9.534221541746083,10.331724387069228,-1.4156239732285025,2.557094174200415,-3.1657431178235518,5.003608896038698,-3.4422900758474873,3.5452135260864797,-4.188510741085841,-2.6236234613915994,-5.885031731292215,0.8615369895749163,-8.504153021973636,-0.5220835657553534,-3.4010936891272823,-1.721684852689601
01_-_Birds_of_Fire.mp3,prog,0.40229106048738517,0.11234566569328308,2469.2162699221035,2556.7154546899997,5438.9794099863675,1.564397210238544e-08,-111.11816333664481,82.29890618502033,4.21153776691005,27.30819946805471,5.457930496820314,10.573336063750917,-4.30095208215594,11.98473534352096,-1.391760355632686,3.172321931844724,-3.6426275950841633,5.905004665656664,-4.303221489318189,2.6653076041791612,-3.25401644892769,4.44805627898932,-2.40765755382342,0.32108393269699687,-1.9485739466868675,1.1712304878572108
