filename,genre,chroma_stft,rmse,spectral_centroid,spectral_bandwidth,rolloff,zero_crossing_rate,mfcc1,mfcc2,mfcc3,mfcc4,mfcc5,mfcc6,mfcc7,mfcc8,mfcc9,mfcc10,mfcc11,mfcc12,mfcc13,mfcc14,mfcc15,mfcc16,mfcc17,mfcc18,mfcc19,mfcc20
01_-_Autumn_Lords.mp3,prog,0.45608250416259283,0.11046450585126877,2867.311399380337,2517.730021891966,5632.0456509976775,3.676710148168031e-08,-68.28673521481346,66.98004818675115,-9.090925397731064,40.87878246520421,-9.534221541746083,10.331724387069226,-1.4156239732285025,2.5570941742004147,-3.1657431178235513,5.003608896038698,-3.4422900758474877,3.5452135260864797,-4.188510741085841,-2.6236234613916,-5.885031731292215,0.8615369895749168,-8.504153021973636,-0.5220835657553539,-3.4010936891272814,-1.721684852689601
